{
  "item": [
    {
      "id": "10",
      "itemname": "Pen",
      "itemprice": 300
    },
    {
      "id": "20",
      "itemname": "Book",
      "itemprice": 300
    },
    {
      "id": "90",
      "itemname": "Table",
      "itemprice": "24000"
    },
    {
      "id": "65",
      "itemname": "Flask",
      "itemprice": "399"
    },
    {
      "id": "278",
      "itemname": "Mobile",
      "itemprice": "12000"
    },
    {
      "id": "98",
      "itemname": "AC",
      "itemprice": "34000"
    },
    {
      "id": "127",
      "itemname": "Chari",
      "itemprice": "9394"
    }
  ]
}